117.211.147.15,India
195.238.25.37,Belgium
173.32.36.8,Canada
2405:205:61ac:eea5:b597:c483:6889:96b8,India
178.116.124.75,Belgium
120.63.25.28,India
210.56.127.233,India
87.239.248.247,Greece
223.65.191.89,China
119.157.15.37,Pakistan
78.38.14.172,Iran
97.114.89.145,United States
2405:205:4108:6587:e475:41a1:c6cd:8430,India
2405:205:850d:8248:39a3:767:5f73:e79e,India
27.57.150.22,India
14.1.193.218,Malaysia
201.142.200.127,Mexico
119.72.194.199,Japan
129.72.135.211,United States
77.16.73.64,Norway
14.140.42.222,India
212.166.54.241,Belgium
103.97.203.75,India
103.51.153.211,India
122.165.92.30,India
2001:569:73d6:e700:14f2:8ccc:df5a:8d8a,Canada
59.172.104.250,China
103.69.108.2,Philippines
207.72.3.61,United States
79.197.116.35,Germany
2a02:2149:a000:8200:4dbe:3ac5:36d:6d0c,Greece
81.250.150.106,France
45.116.190.224,India
183.83.51.64,India
81.245.135.193,Belgium
2405:205:1482:d88d:5819:c64e:a54d:c166,India
119.93.245.248,Philippines
64.134.159.185,United States
217.138.33.50,United Kingdom
46.99.139.34,Albania
123.252.208.221,India
147.250.1.2,France
49.15.151.105,India
115.249.36.117,India
122.171.31.223,India
210.4.62.203,Philippines
108.45.29.72,United States
180.232.106.162,Philippines
212.44.20.206,United Kingdom
173.27.164.80,United States
178.116.24.50,Belgium
96.86.92.65,United States
64.251.72.106,Canada
213.83.153.100,Denmark
103.221.74.156,India
112.133.211.182,India
42.150.126.194,Japan
27.54.165.173,India
97.68.33.115,United States
103.248.122.2,India
176.13.235.41,Israel
117.248.214.199,India
2405:204:d089:318:9a6a:62b7:1b99:e098,India
103.27.140.132,India
158.26.131.13,None
195.81.164.67,United Kingdom
49.205.40.233,India
116.73.134.248,India
178.116.195.34,Belgium
88.96.197.246,United Kingdom
106.203.109.209,India
2001:470:74ab:cafe:59d:1044:9e68:b6b4,United States
134.83.135.140,United Kingdom
197.1.45.219,Tunisia
91.179.86.83,Belgium
81.247.178.252,Belgium
175.158.225.0,Philippines
171.41.77.115,China
111.125.142.130,India
213.118.61.208,Belgium
24.212.214.91,Canada
2001:700:300:4011:e85b:907a:de88:6652,Norway
14.139.249.201,India
82.28.153.207,United Kingdom
2600:1014:b117:3dd3:4fee:84ed:b264:9aef,United States
92.54.174.162,United Kingdom
109.239.72.36,Czechia
91.178.14.193,Belgium
150.107.9.171,India
50.53.21.2,United States
124.253.24.83,India
83.142.188.238,Poland
80.193.102.250,United Kingdom
88.112.108.182,Finland
206.116.10.117,Canada
113.91.196.17,China
122.170.95.178,India
1.115.196.237,Japan
93.107.20.53,Ireland
2.125.109.245,United Kingdom
43.228.108.57,Sri Lanka
105.112.29.91,Nigeria
1.115.198.169,Japan
1.115.196.160,Japan
1.115.194.135,Japan
117.216.87.95,India
180.151.80.237,India
177.42.87.38,Brazil
115.113.120.74,India
182.119.235.137,China
31.170.238.3,Azerbaijan
103.37.82.18,India
68.39.100.192,United States
79.197.123.220,Germany
87.68.4.115,Israel
63.116.201.2,United States
119.170.176.4,Japan
185.92.26.31,Canada
91.176.116.158,Belgium
86.62.173.30,Norway
50.28.76.132,United States
122.15.151.97,India
99.240.42.185,Canada
81.247.46.88,Belgium
2.53.188.48,Israel
103.208.75.190,India
2605:a000:b184:d000:1820:cf13:c691:cca0,United States
208.65.73.140,Canada
38.95.108.244,United States
2001:4898:80e8:d::5bd,United States
2401:4900:1725:5b3c:8a55:3f7a:790a:74ca,India
223.181.229.148,India
109.131.29.197,Belgium
112.196.180.106,India
2001:470:b:84c:2659:974e:e382:e4ad,United States
183.37.229.207,China
81.133.161.179,United Kingdom
182.71.233.131,India
103.242.60.88,India
115.114.95.155,India
122.178.148.168,India
124.105.99.154,Philippines
39.59.11.143,Pakistan
197.32.176.115,Egypt
180.211.99.238,India
213.168.107.162,Germany
2a00:23c4:e496:ae00:6da0:955f:a944:7f91,United Kingdom
183.83.218.32,India
223.176.175.245,India
24.55.141.102,United States
176.59.112.210,Russia
201.59.157.186,Brazil
125.63.93.204,India
183.82.199.90,India
