2018.03.22,2
2018.03.23,2
2018.03.24,1
2018.03.27,1
2018.03.28,4
2018.03.29,1
2018.03.30,6
2018.03.31,5
2018.04.01,7
2018.04.02,4
2018.04.03,2
2018.04.04,10
2018.04.05,3
2018.04.06,7
2018.04.07,1
2018.04.08,8
2018.04.09,5
2018.04.10,2
2018.04.11,5
2018.04.12,4
2018.04.13,7
2018.04.14,12
2018.04.16,10
2018.04.17,3
2018.04.18,3
2018.04.19,1
2018.04.20,3
2018.04.23,2
2018.04.24,3
2018.04.25,13
2018.04.26,2
2018.04.28,4
2018.04.29,2
2018.04.30,3
2018.05.01,2
2018.05.02,4
2018.05.03,2
2018.05.04,2
2018.05.08,12
2018.05.09,2
2018.05.10,3
2018.05.11,15
2018.05.13,6
2018.05.15,1
2018.05.16,3
2018.05.17,2
2018.05.19,2
2018.05.20,2
2018.05.21,9
2018.05.22,5
2018.05.23,9
2018.05.24,17
2018.05.25,7
2018.05.26,10
2018.05.27,19
2018.05.28,13
2018.05.29,1
2018.05.30,9
2018.05.31,9
2018.06.01,15
2018.06.02,22
2018.06.03,11
2018.06.04,10
2018.06.05,6
2018.06.06,4
2018.06.07,3
2018.06.08,7
2018.06.09,2
2018.06.10,4
2018.06.11,16
2018.06.12,7
2018.06.13,12
2018.06.14,11
2018.06.15,7
2018.06.16,3
2018.06.17,1
2018.06.18,1
2018.06.19,3
2018.06.20,1
2018.06.21,8
2018.06.22,6
2018.06.23,1
2018.06.25,2
2018.06.26,1
2018.06.27,2
2018.06.29,1
2018.06.30,1
2018.07.02,2
2018.07.03,2
2018.07.04,8
2018.07.05,2
2018.07.06,3
2018.07.07,1
